https://ec.europa.eu/commission/commissioners/2019-2024/president_en,576
https://ec.europa.eu/commission/commissioners/2019-2024/timmermans_en,549
https://ec.europa.eu/commission/commissioners/2019-2024/vestager_en,551
https://ec.europa.eu/commission/commissioners/2019-2024/dombrovskis_en,578
https://ec.europa.eu/commission/commissioners/2019-2024/borrell-fontelles_en,593
https://ec.europa.eu/commission/commissioners/2019-2024/sefcovic_en,576
https://ec.europa.eu/commission/commissioners/2019-2024/jourova_en,576
https://ec.europa.eu/commission/commissioners/2019-2024/suica_en,576
https://ec.europa.eu/commission/commissioners/2019-2024/schinas_en,576
https://ec.europa.eu/commission/commissioners/2019-2024/hahn_en,548
https://ec.europa.eu/commission/commissioners/2019-2024/gabriel_en,575
https://ec.europa.eu/commission/commissioners/2019-2024/schmit_en,554
https://ec.europa.eu/commission/commissioners/2019-2024/gentiloni_en,552
https://ec.europa.eu/commission/commissioners/2019-2024/wojciechowski_en,547
https://ec.europa.eu/commission/commissioners/2019-2024/breton_en,557
https://ec.europa.eu/commission/commissioners/2019-2024/ferreira_en,574
https://ec.europa.eu/commission/commissioners/2019-2024/kyriakides_en,562
https://ec.europa.eu/commission/commissioners/2019-2024/reynders_en,571
https://ec.europa.eu/commission/commissioners/2019-2024/dalli_en,571
https://ec.europa.eu/commission/commissioners/2019-2024/johansson_en,563
https://ec.europa.eu/commission/commissioners/2019-2024/lenarcic_en,564
https://ec.europa.eu/commission/commissioners/2019-2024/valean_en,573
https://ec.europa.eu/commission/commissioners/2019-2024/varhelyi_en,556
https://ec.europa.eu/commission/commissioners/2019-2024/urpilainen_en,559
https://ec.europa.eu/commission/commissioners/2019-2024/simson_en,555
https://ec.europa.eu/commission/commissioners/2019-2024/sinkevicius_en,558
https://ec.europa.eu/commission/commissioners/2019-2024/mcguinness_en,568